{"cameraMode":{"drawMode":0,"name":"Shaded","section":"Shading Mode"},"sceneLighting":true,"audioPlay":false,"sceneViewState":{"showFog":true,"showMaterialUpdate":false,"showSkybox":true,"showFlares":true,"showImageEffects":true,"showParticleSystems":true},"in2DMode":false,"pivot":{"x":1.9182533025741578,"y":-4.751056671142578,"z":-4.205928325653076},"rotation":{"x":-0.027249962091445924,"y":0.9515849351882935,"z":-0.2931191325187683,"w":-0.08846447616815567},"size":10.0,"orthographic":false}