{"cameraMode":{"drawMode":0,"name":"Shaded","section":"Shading Mode"},"sceneLighting":true,"audioPlay":false,"sceneViewState":{"showFog":true,"showMaterialUpdate":false,"showSkybox":true,"showFlares":true,"showImageEffects":true,"showParticleSystems":true},"in2DMode":false,"pivot":{"x":2.8436808586120607,"y":-3.210197925567627,"z":-2.6566109657287599},"rotation":{"x":0.15213267505168916,"y":-0.75043123960495,"z":0.6159628033638,"w":0.18530192971229554},"size":7.218229293823242,"orthographic":false}