{"cameraMode":{"drawMode":0,"name":"Shaded","section":"Shading Mode"},"sceneLighting":true,"audioPlay":false,"sceneViewState":{"showFog":true,"showMaterialUpdate":false,"showSkybox":true,"showFlares":true,"showImageEffects":true,"showParticleSystems":true},"in2DMode":false,"pivot":{"x":5.985074996948242,"y":-24.53392219543457,"z":17.582555770874025},"rotation":{"x":-0.4713357090950012,"y":-0.09307090193033219,"z":0.05011641979217529,"w":-0.8756183385848999},"size":18.915130615234376,"orthographic":false}