{"cameraMode":{"drawMode":0,"name":"Shaded","section":"Shading Mode"},"sceneLighting":false,"audioPlay":false,"sceneViewState":{"showFog":true,"showMaterialUpdate":false,"showSkybox":false,"showFlares":true,"showImageEffects":true,"showParticleSystems":true},"in2DMode":false,"pivot":{"x":0.00019999593496322632,"y":-0.0011000223457813264,"z":0.09940005093812943},"rotation":{"x":0.45580270886421206,"y":0.022154591977596284,"z":-0.011347182095050812,"w":0.8897829651832581},"size":0.20635317265987397,"orthographic":false}