{"cameraMode":{"drawMode":0,"name":"Shaded","section":"Shading Mode"},"sceneLighting":true,"audioPlay":false,"sceneViewState":{"showFog":true,"showMaterialUpdate":false,"showSkybox":true,"showFlares":true,"showImageEffects":true,"showParticleSystems":true},"in2DMode":false,"pivot":{"x":22.846172332763673,"y":-11.693171501159668,"z":16.282747268676759},"rotation":{"x":-0.19591887295246125,"y":-0.48771020770072939,"z":0.1133289486169815,"w":-0.8431763052940369},"size":16.744115829467775,"orthographic":false}