{"cameraMode":{"drawMode":0,"name":"Shaded","section":"Shading Mode"},"sceneLighting":true,"audioPlay":false,"sceneViewState":{"showFog":true,"showMaterialUpdate":false,"showSkybox":true,"showFlares":true,"showImageEffects":true,"showParticleSystems":true},"in2DMode":false,"pivot":{"x":1.2359806299209595,"y":-0.5426894426345825,"z":0.2762966752052307},"rotation":{"x":0.21659594774246217,"y":0.6270689368247986,"z":-0.18732525408267976,"w":0.7245110869407654},"size":2.4533791542053224,"orthographic":false}