{"cameraMode":{"drawMode":0,"name":"Shaded","section":"Shading Mode"},"sceneLighting":true,"audioPlay":false,"sceneViewState":{"showFog":true,"showMaterialUpdate":false,"showSkybox":true,"showFlares":true,"showImageEffects":true,"showParticleSystems":true},"in2DMode":false,"pivot":{"x":-0.6506223678588867,"y":-16.17923927307129,"z":9.962076187133789},"rotation":{"x":0.4374716281890869,"y":0.38198304176330569,"z":-0.21257248520851136,"w":0.7859052419662476},"size":15.294095039367676,"orthographic":false}