{"cameraMode":{"drawMode":0,"name":"Shaded","section":"Shading Mode"},"sceneLighting":true,"audioPlay":false,"sceneViewState":{"showFog":true,"showMaterialUpdate":false,"showSkybox":true,"showFlares":true,"showImageEffects":true,"showParticleSystems":true},"in2DMode":false,"pivot":{"x":1.3842116594314576,"y":-0.1465921401977539,"z":-9.42667293548584},"rotation":{"x":-0.01202641986310482,"y":0.9608518481254578,"z":-0.042114388197660449,"w":-0.2737160325050354},"size":3.507164478302002,"orthographic":false}