{"cameraMode":{"drawMode":0,"name":"Shaded","section":"Shading Mode"},"sceneLighting":true,"audioPlay":false,"sceneViewState":{"showFog":true,"showMaterialUpdate":false,"showSkybox":true,"showFlares":true,"showImageEffects":true,"showParticleSystems":true},"in2DMode":false,"pivot":{"x":5.101831436157227,"y":-13.676820755004883,"z":1.2605324983596802},"rotation":{"x":-0.40097951889038088,"y":-0.5687838792800903,"z":0.37088584899902346,"w":-0.6149778962135315},"size":8.669577598571778,"orthographic":false}