{"cameraMode":{"drawMode":0,"name":"Shaded","section":"Shading Mode"},"sceneLighting":true,"audioPlay":false,"sceneViewState":{"showFog":true,"showMaterialUpdate":false,"showSkybox":true,"showFlares":true,"showImageEffects":true,"showParticleSystems":true},"in2DMode":false,"pivot":{"x":1.0477815866470338,"y":-0.5020104050636292,"z":1.1742236614227296},"rotation":{"x":-0.24934761226177216,"y":0.5018713474273682,"z":-0.1537688672542572,"w":-0.8138220310211182},"size":2.1620285511016847,"orthographic":false}