{"cameraMode":{"drawMode":0,"name":"Shaded","section":"Shading Mode"},"sceneLighting":true,"audioPlay":false,"sceneViewState":{"showFog":true,"showMaterialUpdate":false,"showSkybox":true,"showFlares":true,"showImageEffects":true,"showParticleSystems":true},"in2DMode":false,"pivot":{"x":0.010914377868175507,"y":-2.684920310974121,"z":-4.539923191070557},"rotation":{"x":0.004748418461531401,"y":0.9639666676521301,"z":-0.26555198431015017,"w":0.01734314113855362},"size":3.507164478302002,"orthographic":false}