{"cameraMode":{"drawMode":0,"name":"Shaded","section":"Shading Mode"},"sceneLighting":true,"audioPlay":false,"sceneViewState":{"showFog":true,"showMaterialUpdate":false,"showSkybox":true,"showFlares":true,"showImageEffects":true,"showParticleSystems":true},"in2DMode":false,"pivot":{"x":1.05701744556427,"y":0.3904620110988617,"z":-0.20399436354637147},"rotation":{"x":0.2949657440185547,"y":-0.007713350001722574,"z":0.002484331140294671,"w":0.9555439949035645},"size":1.5197155475616456,"orthographic":false}