{"cameraMode":{"drawMode":0,"name":"Shaded","section":"Shading Mode"},"sceneLighting":true,"audioPlay":false,"sceneViewState":{"showFog":true,"showMaterialUpdate":false,"showSkybox":true,"showFlares":true,"showImageEffects":true,"showParticleSystems":true},"in2DMode":false,"pivot":{"x":7.294923782348633,"y":-12.481253623962403,"z":1.9043865203857422},"rotation":{"x":-0.3629893958568573,"y":-0.5779029726982117,"z":0.3189626932144165,"w":-0.6577107310295105},"size":8.669577598571778,"orthographic":false}