{"cameraMode":{"drawMode":0,"name":"Shaded","section":"Shading Mode"},"sceneLighting":true,"audioPlay":false,"sceneViewState":{"showFog":true,"showMaterialUpdate":false,"showSkybox":true,"showFlares":true,"showImageEffects":true,"showParticleSystems":true},"in2DMode":false,"pivot":{"x":5.046662330627441,"y":-2.7330474853515627,"z":-0.8990069627761841},"rotation":{"x":-0.20347219705581666,"y":-0.595279335975647,"z":0.1591922491788864,"w":-0.7608591318130493},"size":4.754208564758301,"orthographic":false}