{"cameraMode":{"drawMode":0,"name":"Shaded","section":"Shading Mode"},"sceneLighting":true,"audioPlay":false,"sceneViewState":{"showFog":true,"showMaterialUpdate":false,"showSkybox":true,"showFlares":true,"showImageEffects":true,"showParticleSystems":true},"in2DMode":false,"pivot":{"x":-58.79880142211914,"y":-168.4994354248047,"z":290.1820373535156},"rotation":{"x":-0.2555854916572571,"y":0.09753736853599549,"z":-0.025929119437932969,"w":-0.9615098834037781},"size":172.74671936035157,"orthographic":false}