{"cameraMode":{"drawMode":0,"name":"Shaded","section":"Shading Mode"},"sceneLighting":true,"audioPlay":false,"sceneViewState":{"showFog":true,"showMaterialUpdate":false,"showSkybox":true,"showFlares":true,"showImageEffects":true,"showParticleSystems":true},"in2DMode":false,"pivot":{"x":-14.941085815429688,"y":-0.7835045456886292,"z":15.596809387207032},"rotation":{"x":-0.062099624425172809,"y":0.3991553783416748,"z":-0.02710709720849991,"w":-0.9143806099891663},"size":10.0,"orthographic":false}