{"cameraMode":{"drawMode":0,"name":"Shaded","section":"Shading Mode"},"sceneLighting":true,"audioPlay":false,"sceneViewState":{"showFog":true,"showMaterialUpdate":false,"showSkybox":true,"showFlares":true,"showImageEffects":true,"showParticleSystems":true},"in2DMode":false,"pivot":{"x":4.383764266967773,"y":-3.9242448806762697,"z":-0.09694480895996094},"rotation":{"x":-0.19243671000003816,"y":-0.3572908043861389,"z":0.0754852443933487,"w":-0.9108507633209229},"size":10.0,"orthographic":false}