{"cameraMode":{"drawMode":0,"name":"Shaded","section":"Shading Mode"},"sceneLighting":true,"audioPlay":false,"sceneViewState":{"showFog":true,"showMaterialUpdate":false,"showSkybox":true,"showFlares":true,"showImageEffects":true,"showParticleSystems":true},"in2DMode":false,"pivot":{"x":-2.6541271209716799,"y":2.9515841007232668,"z":13.323785781860352},"rotation":{"x":-0.031780220568180087,"y":0.23582856357097627,"z":-0.007714892737567425,"w":-0.9712541699409485},"size":10.0,"orthographic":false}