{"cameraMode":{"drawMode":0,"name":"Shaded","section":"Shading Mode"},"sceneLighting":false,"audioPlay":false,"sceneViewState":{"showFog":true,"showMaterialUpdate":false,"showSkybox":false,"showFlares":true,"showImageEffects":true,"showParticleSystems":true},"in2DMode":false,"pivot":{"x":-0.7272776961326599,"y":0.0444730743765831,"z":6.252696514129639},"rotation":{"x":-0.0026687246281653644,"y":0.05320492759346962,"z":-0.0009347673621959984,"w":-0.998947262763977},"size":2.9791526794433595,"orthographic":false}