{"cameraMode":{"drawMode":0,"name":"Shaded","section":"Shading Mode"},"sceneLighting":false,"audioPlay":false,"sceneViewState":{"showFog":true,"showMaterialUpdate":false,"showSkybox":false,"showFlares":true,"showImageEffects":true,"showParticleSystems":true},"in2DMode":false,"pivot":{"x":0.17273351550102235,"y":-0.005665521137416363,"z":-0.09834228456020355},"rotation":{"x":0.01318890880793333,"y":-0.8541638255119324,"z":0.02290400117635727,"w":0.5200920104980469},"size":0.7108896970748901,"orthographic":false}