{"cameraMode":{"drawMode":0,"name":"Shaded","section":"Shading Mode"},"sceneLighting":false,"audioPlay":false,"sceneViewState":{"showFog":true,"showMaterialUpdate":false,"showSkybox":false,"showFlares":true,"showImageEffects":true,"showParticleSystems":true},"in2DMode":false,"pivot":{"x":-0.009079916402697564,"y":-0.00037807226181030273,"z":-0.00030371546745300293},"rotation":{"x":0.4655900001525879,"y":-0.0041904328390955929,"z":0.0024107324425131084,"w":0.8851959109306336},"size":0.2217758297920227,"orthographic":false}