{"cameraMode":{"drawMode":0,"name":"Shaded","section":"Shading Mode"},"sceneLighting":true,"audioPlay":false,"sceneViewState":{"showFog":true,"showMaterialUpdate":false,"showSkybox":true,"showFlares":true,"showImageEffects":true,"showParticleSystems":true},"in2DMode":false,"pivot":{"x":6.632195472717285,"y":2.8862595558166506,"z":10.858585357666016},"rotation":{"x":0.00880581047385931,"y":-0.3186350166797638,"z":-0.002960523124784231,"w":-0.9478345513343811},"size":10.0,"orthographic":false}