{"cameraMode":{"drawMode":0,"name":"Shaded","section":"Shading Mode"},"sceneLighting":true,"audioPlay":false,"sceneViewState":{"showFog":true,"showMaterialUpdate":false,"showSkybox":true,"showFlares":true,"showImageEffects":true,"showParticleSystems":true},"in2DMode":false,"pivot":{"x":-0.6474554538726807,"y":0.08147475868463516,"z":15.663283348083496},"rotation":{"x":-0.10508529841899872,"y":0.024159938097000123,"z":-0.0025532774161547424,"w":-0.9941759705543518},"size":12.801250457763672,"orthographic":false}