{"cameraMode":{"drawMode":0,"name":"Shaded","section":"Shading Mode"},"sceneLighting":true,"audioPlay":false,"sceneViewState":{"showFog":true,"showMaterialUpdate":false,"showSkybox":true,"showFlares":true,"showImageEffects":true,"showParticleSystems":true},"in2DMode":false,"pivot":{"x":5.435693264007568,"y":4.942024230957031,"z":4.0999755859375},"rotation":{"x":0.015342682600021363,"y":0.6454041600227356,"z":-0.012998470105230809,"w":0.7636228203773499},"size":10.365612983703614,"orthographic":false}