{"cameraMode":{"drawMode":0,"name":"Shaded","section":"Shading Mode"},"sceneLighting":true,"audioPlay":false,"sceneViewState":{"showFog":true,"showMaterialUpdate":false,"showSkybox":true,"showFlares":true,"showImageEffects":true,"showParticleSystems":true},"in2DMode":false,"pivot":{"x":1.1087990999221802,"y":-6.053311347961426,"z":9.701109886169434},"rotation":{"x":-0.3477647602558136,"y":-0.23729480803012849,"z":0.09144209325313568,"w":-0.9024758338928223},"size":10.0,"orthographic":false}