{"cameraMode":{"drawMode":0,"name":"Shaded","section":"Shading Mode"},"sceneLighting":true,"audioPlay":false,"sceneViewState":{"showFog":true,"showMaterialUpdate":false,"showSkybox":true,"showFlares":true,"showImageEffects":true,"showParticleSystems":true},"in2DMode":false,"pivot":{"x":-0.11456859856843949,"y":-8.315998077392579,"z":14.921091079711914},"rotation":{"x":-0.26556360721588137,"y":0.012144564650952816,"z":-0.003345664357766509,"w":-0.964013934135437},"size":10.0,"orthographic":false}