{"cameraMode":{"drawMode":0,"name":"Shaded","section":"Shading Mode"},"sceneLighting":true,"audioPlay":false,"sceneViewState":{"showFog":true,"showMaterialUpdate":false,"showSkybox":true,"showFlares":true,"showImageEffects":true,"showParticleSystems":true},"in2DMode":false,"pivot":{"x":3.3261334896087648,"y":-7.941622734069824,"z":15.29250431060791},"rotation":{"x":0.29824021458625796,"y":0.16779713332653047,"z":-0.05334778130054474,"w":0.9381171464920044},"size":12.699999809265137,"orthographic":false}